income,debts,payment_history,age,num_late_payments,creditworthy,debt_to_income_ratio,payment_score_weighted
35795,48447,92,20,3,0,1.3534193764666442,-32.51458263493127
20860,34529,52,30,12,0,1.6551939024974833,-34.07008292986913
96820,10167,54,60,7,1,0.10500821102859917,48.32955660445565
74886,10554,31,66,17,1,0.14093233805600439,26.631097520263864
26265,17260,50,47,11,0,0.6571232772405391,17.143836137973047
102386,47045,43,62,13,1,0.459482160821198,23.242267084688482
57194,3812,81,23,1,1,0.06664918262085846,75.60141620771046
107498,28024,69,34,17,1,0.2606907971236942,51.0123349984651
64131,27285,17,62,1,0,0.4254506330692946,9.767339237821991
80263,26900,82,68,10,1,0.3351440247184292,54.51818997308881
36023,1605,21,36,8,0,0.04455363091272485,20.06437375083278
61090,5622,36,59,11,1,0.09202664876986791,32.68704064428476
87221,6767,95,52,16,1,0.07758363715576345,87.62955447020248
84820,27139,55,63,14,1,0.31995614293630115,37.402412138503436
20769,11613,58,43,16,0,0.5591237361579201,25.570823302840633
79735,10589,2,68,17,0,0.13280074245008527,1.7343985150998296
82955,13918,27,22,5,1,0.167775688316698,22.470056415449154
84925,20119,73,46,16,1,0.23690036031368486,55.706273697101004
87969,27446,34,54,17,1,0.3119927247925429,23.39224735705354
25311,13046,60,37,7,0,0.5154077117572693,29.075537294563844
103104,24818,92,66,8,1,0.2407060763299549,69.85504097764415
73707,35358,53,38,5,1,0.47970369566397136,27.57570412980952
105305,4324,62,27,4,1,0.04106128805576131,59.4542001405428
48693,10787,78,22,11,1,0.22152626606974166,60.72095124656015
91932,9111,96,53,10,1,0.09910478283097474,86.48594084822642
113016,38110,6,23,0,0,0.3372059070759266,3.9767645575444406
45658,16389,75,43,10,1,0.3589434722617666,48.079239580367506
104478,41427,48,21,18,1,0.3965103035059677,28.967505431713548
38431,14043,93,56,8,1,0.3653986261448793,59.01792776852623
22747,28746,84,56,1,0,1.2636715315632143,-22.148408651310003
79150,22350,30,67,11,0,0.2823716693408801,21.5288499197736
85725,41605,57,52,3,1,0.4853253388703544,29.336455684389797
104654,117,60,18,3,1,0.0011179590081697003,59.93292245950982
55773,46685,23,41,17,0,0.8370387635815971,3.7481084376232663
87435,18935,19,53,14,0,0.2165583969989478,14.885390457019993
76886,47077,36,23,18,0,0.6122881631485166,13.957626126653402
86803,13234,3,58,12,0,0.15245841205474403,2.542624763835768
51551,38328,91,63,18,1,0.7434823091247672,23.343109869646185
31394,846,19,61,16,0,0.02694696607740086,18.488007644529382
89092,10954,59,48,5,1,0.1229501756591427,51.745939636110585
23890,13703,23,37,15,0,0.57356326650203,9.808044870453308
61606,48153,49,41,11,0,0.7816157254857402,10.70082945119873
116276,46514,48,42,18,1,0.40002752048986473,28.798679016486496
100038,22700,50,53,4,1,0.22691150451323983,38.65442477433801
107313,32043,95,38,16,1,0.29859105056190244,66.63385019661926
30627,6469,35,47,0,0,0.21121196290975577,27.60758129815855
28792,30105,97,41,9,1,1.0455666307783142,-4.419963185496481
93969,42101,99,61,14,1,0.4480259657337448,54.64542939235926
63001,26386,65,59,10,1,0.4188121012031364,37.777213421796134
96552,49376,78,47,12,1,0.5113875280933787,38.11177280871646
43897,45587,33,39,4,0,1.0384755569729829,-1.2696933801084351
88148,36976,35,45,0,0,0.41947157653518474,20.318494821268533
43483,39051,5,24,11,0,0.8980544568117008,0.5097277159414959
68555,2048,38,52,10,1,0.029873388179006942,36.864811249197736
37159,39001,41,45,16,0,1.0495425188374596,-2.0312432723358453
100077,12941,57,31,3,1,0.12930913887168008,49.62937908431424
55920,45375,11,27,14,0,0.811412528388262,2.074462187729117
112067,42533,2,33,8,0,0.37952850055323556,1.2409429988935288
87121,1828,17,33,19,1,0.020982071118661186,16.64330479098276
89479,1917,39,48,18,1,0.021423781850692894,38.16447250782298
109475,20618,20,59,18,1,0.18833351602177648,16.23332967956447
39457,32254,14,42,11,0,0.817426123979928,2.556034264281008
86557,39756,96,30,4,1,0.4592989671665242,51.90729915201368
97189,47362,98,23,9,1,0.4873135096203313,50.243276057207524
98953,20128,25,61,16,1,0.20340764395577743,19.914808901105562
72995,45745,7,26,4,0,0.6266781741465286,2.6132527809742996
60757,9,99,62,15,1,0.0001481286414957701,98.98533526449192
29692,16644,93,53,6,1,0.560536153302125,40.87013774290237
65758,22422,86,60,8,1,0.3409723383871409,56.676378898705885
92409,9865,41,37,2,1,0.10675251596147603,36.623146845579484
91211,2219,43,35,14,1,0.024327939306231637,41.95389860983204
85697,39809,13,60,15,0,0.4645265933860767,6.961154285981003
57065,5287,77,38,17,1,0.09264711036343883,69.8661725020152
112093,34387,1,21,13,0,0.3067693186075972,0.6932306813924027
119299,8512,36,67,2,1,0.07134953897736798,33.431416596814756
52606,1342,68,50,11,1,0.025509913129431443,66.26532590719866
31534,43336,37,44,8,0,1.3742191216109085,-13.846107499603615
114663,19216,40,24,6,1,0.16758529268122516,33.296588292751
60397,27534,61,23,8,1,0.4558760223848472,33.19156263452432
111387,14231,59,32,12,1,0.1277606205336302,51.46212338851582
21016,32293,13,35,17,0,1.536518056811153,-6.9747347385449885
109789,26614,88,49,4,1,0.24240823390108387,66.66807541670461
75591,36258,83,28,12,1,0.47965393163297704,43.1887236744629
109812,28253,1,37,3,0,0.257282835365576,0.7427171646344239
43247,42078,69,41,1,0,0.9729467258601554,1.8666759156492772
44300,40752,16,32,15,0,0.9198889415588812,1.2817769350579002
94065,17988,88,65,8,1,0.19122743605553547,71.17198562711287
102798,31037,27,24,8,1,0.3019192793704219,18.848179456998608
29268,12219,65,38,5,1,0.41747241108339883,37.86429327957907
106807,235,34,59,10,1,0.002200209722118193,33.92519286944798
32185,42929,4,43,0,0,1.3337786615298577,-1.3351146461194308
83704,1908,64,61,3,1,0.02279433725583896,62.5411624156263
106779,8567,39,31,12,1,0.08023038022101517,35.87101517138041
59099,36298,75,54,12,1,0.6141793570219967,28.93654822335025
28571,5256,55,38,12,0,0.18395632087358252,44.88240235195296
58044,19019,35,35,1,0,0.3276595744680851,23.531914893617024
71214,8162,44,22,8,1,0.11461068595099347,38.95712981815629
81228,5415,22,20,7,1,0.06666338376688129,20.53340555712861
68984,36159,46,40,6,0,0.5241574255272885,21.88875842574473
60774,43925,30,43,3,0,0.7227478403948993,8.317564788153023
22568,5951,10,54,17,0,0.26368026939607425,7.3631973060392575
82592,21852,9,41,2,0,0.2645744796774545,6.618829682902909
87563,8007,66,66,5,1,0.09144168836508154,59.964848567904625
22695,41832,13,36,11,0,1.843144166372929,-10.960874162848079
68190,30523,79,68,11,1,0.44761038846768636,43.63877931105278
25258,23325,73,42,7,0,0.9234332317193872,5.589374084484736
107538,21204,92,38,0,1,0.19717497837993658,73.85990198904584
59504,15524,9,29,3,0,0.26088563986219643,6.652029241240233
53159,19282,75,58,10,1,0.3627163280662152,47.79627539503387
33986,23930,93,50,2,1,0.704092741342278,27.51937505516815
81858,77,0,67,12,0,0.0009406418353510304,0.0
32666,40345,4,21,16,0,1.2350384179753269,-0.9401536719013075
58660,20611,19,59,9,0,0.3513578016058369,12.324201769489097
23561,16984,7,24,11,0,0.7208216619981326,1.954248366013072
46854,14060,42,39,14,0,0.3000746985380429,29.396862661402196
84505,17449,75,50,9,1,0.2064823799493527,59.513821503798546
72251,18520,0,34,13,0,0.2563250844267287,0.0
42662,43303,56,41,12,0,1.0150012891732882,-0.8400721937041418
28392,9510,63,51,4,1,0.33494171098510195,41.898672207938574
50535,29287,83,45,5,1,0.5795274655690993,34.89922035776476
98603,28173,27,60,1,1,0.28571863210417425,19.285596933187296
72256,39711,36,58,16,0,0.5495799714906514,16.21512102633655
109135,11954,46,56,3,1,0.10953305966867029,40.961479255241166
55222,7804,75,39,13,1,0.14131792912373467,64.4011553157199
97373,6565,36,66,9,1,0.06742046131410849,33.57286339269209
99575,5984,48,34,2,1,0.06009480196031172,45.11544950590504
116354,21526,43,51,2,1,0.18500279317605603,35.04487989342959
104651,37438,55,23,14,1,0.357738026984673,35.32440851584298
83335,18574,27,63,5,1,0.22288086781223002,20.982216569069788
30965,9184,78,23,16,1,0.2965833494800749,54.86649874055416
44538,19096,5,51,11,0,0.42874783897258584,2.8562608051370706
90592,2192,60,18,19,1,0.024196129943814645,58.54823220337112
118018,34016,19,27,10,1,0.28822477736635627,13.523729230039232
28110,11246,77,38,3,1,0.40005691722101666,46.19561737398172
99309,45558,1,22,5,0,0.45874534286577384,0.5412546571342262
47266,18381,72,19,0,1,0.3888759599720735,44.00093088201071
72992,36455,36,39,19,0,0.49943145233104547,18.020467716082365
102948,26727,19,65,15,1,0.25961398362295895,14.06733431116378
118806,4018,25,19,14,1,0.03381955608676256,24.154511097830937
26910,11302,28,27,16,0,0.4199769610939764,16.24064508936866
110982,1970,0,51,7,1,0.01775046628762964,0.0
20206,41157,34,33,11,0,2.0367694363339437,-35.25016083535409
107054,27202,69,65,9,1,0.2540936901592639,51.46753537901079
107897,31110,58,68,14,1,0.28832786520602793,41.27698381805038
43419,17586,68,56,8,1,0.4050207277752188,40.458590511285124
70636,24519,32,39,1,0,0.34711270297436186,20.89239350482042
70015,31273,50,29,4,1,0.44665505027422303,27.667247486288847
74268,21951,77,41,5,1,0.2955607319339159,54.24182364108847
107939,15374,11,64,6,1,0.14243098017417083,9.433259218084121
38141,5788,19,57,0,0,0.151748728435845,16.116774159718947
100356,5408,52,55,6,1,0.05388762119234333,49.197843697998145
91910,25053,87,27,19,1,0.27257890785651334,63.28563501648335
76044,9446,42,52,11,1,0.12421592478137945,36.78293115918206
87214,922,97,68,15,1,0.010571575990368629,95.97455712893425
53827,33187,88,66,15,1,0.6165378613361076,33.74466820242254
75820,10789,49,49,10,1,0.14229567006502156,42.02751216681394
82623,32184,28,24,3,0,0.38952362509682414,17.093338497288926
101734,1120,56,38,12,1,0.011008993954882784,55.38349633852657
95450,44028,38,37,6,0,0.4612628469057422,20.472011817581794
113426,32154,94,43,3,1,0.28347747890713854,67.35311698272898
42299,17334,55,21,14,0,0.4097872340425532,32.46170212765957
63585,2336,42,63,18,1,0.03673764665177869,40.457018840625295
84044,38141,49,69,8,1,0.4538164078767327,26.762996014040098
62557,2243,22,39,10,0,0.035854726813517056,21.211196010102626
69080,19029,43,32,7,1,0.27545924349676465,31.15525252963912
22693,32265,37,57,0,0,1.4217414294527189,-15.604432889750598
115003,37380,83,38,7,1,0.32503217279398977,56.02232965809885
115259,46714,22,32,12,0,0.40529238243970156,13.083567586326566
89163,43872,44,39,3,0,0.49203714503611323,22.35036561841102
45939,46197,51,69,7,0,1.0055942533739661,-0.2853069220722726
68925,23710,79,45,2,1,0.34399210747758463,51.82462350927081
62941,29486,49,31,8,0,0.46846302945568935,26.045311556671223
41834,6371,7,44,1,0,0.15228875343611809,5.933978725947173
38047,6359,84,58,1,1,0.16713099243061397,69.96099663582844
46105,40631,0,57,12,0,0.8812518978007201,0.0
95766,35996,7,45,14,0,0.37587060260841415,4.3689057817411
35707,20103,28,43,11,0,0.562983085022964,12.236473619357007
41976,14382,95,66,3,1,0.34261619458274767,62.451461514638964
64262,18755,4,19,7,0,0.2918475639170285,2.832609744331886
43776,35659,85,42,8,1,0.8145601571601526,15.762386641387028
50080,3756,46,20,4,1,0.07499850242606977,42.550068888400794
86842,20609,33,25,19,1,0.23731331252950727,25.16866068652626
81373,48538,64,61,17,1,0.5964804483004399,25.825251308771847
26776,16478,54,50,10,0,0.6153788699256825,20.769541024013147
112787,35442,89,59,14,1,0.3142355569741462,61.03303542930099
75016,39666,42,69,8,0,0.5287601476998547,19.792073796606104
29474,10147,73,52,16,1,0.34425784563189143,47.86917726887192
78053,33561,29,23,11,0,0.42997155815204857,16.53082481359059
41959,34884,81,56,6,1,0.8313632030505244,13.659580552907528
25530,5779,16,69,9,0,0.2263522776232815,12.378363558027496
114856,12298,25,40,9,1,0.10707227247795084,22.32319318805123
23748,14153,7,42,12,0,0.5959408817213356,2.8284138279506505
117504,43879,46,67,18,1,0.37342240755712525,28.822569252372237
118098,10789,75,60,10,1,0.0913555576253821,68.14833317809635
33545,44165,90,36,12,0,1.3165504083944435,-28.489536755499913
86199,12999,71,22,7,1,0.15080046403712297,60.293167053364265
54766,814,88,68,7,1,0.014862964924133146,86.69205908667628
93530,49497,45,28,3,0,0.5292042210603971,21.18581005228213
113557,10541,67,29,14,1,0.09282481199034855,60.780737596646645
81087,24938,32,27,10,0,0.3075424230465667,22.158642462509867
115839,2443,0,25,10,1,0.02108943370165746,0.0
88840,10457,18,41,0,1,0.11770466338739996,15.881316059026801
74384,10380,30,45,16,1,0.13954426295624117,25.813672111312766
71005,7783,79,58,14,1,0.10961045545446864,70.34077401909697
66576,44241,13,53,19,0,0.6645087642879673,4.361386064256425
59353,17368,52,54,5,1,0.2926171782862149,36.78390672911682
82003,15328,47,38,14,1,0.1869177113311546,38.21486756743573
103211,26215,68,25,8,1,0.2539917839010968,50.72855869472542
72733,33595,89,26,13,1,0.46188852531140867,47.89192124728463
85318,27306,61,64,17,1,0.32004594521736074,41.477197341741
109474,19915,91,32,16,1,0.18191367892212834,74.44585521808632
43664,39915,65,65,17,0,0.9141188594984542,5.582274132600479
87172,37219,63,63,4,1,0.426955594048616,36.10179757493719
105616,15343,69,57,19,1,0.14527017430906008,58.976357972674855
113264,46403,62,35,19,1,0.40968525140158035,36.59951441310202
46736,38727,72,59,8,0,0.8286154438667437,12.339688041594455
114209,126,32,37,10,1,0.001103230890464933,31.964696611505122
20854,27632,40,23,0,0,1.32495804363462,-12.9983217453848
110084,41563,88,29,17,1,0.3775537084979788,54.77527365217787
58623,44409,47,19,5,0,0.7575225163755459,11.396441730349343
27392,20530,12,24,1,0,0.7494615412696675,3.0064615047639904
75680,39964,72,33,14,1,0.5280585615940593,33.979783565227734
66717,44327,76,20,13,1,0.664393417068857,25.506100302766868
107092,3368,30,62,4,1,0.03144930107476679,29.056520967757
70859,3797,74,20,5,1,0.05358453288173864,70.03474456675134
46309,47882,67,44,5,0,1.0339451522349385,-2.2743251997408827
107455,13718,97,67,17,1,0.12766155449672423,84.61682921381775
83734,34560,3,60,13,0,0.4127306383232818,1.7618080850301545
90467,11053,18,57,9,1,0.12217579696688331,15.800835654596101
72662,22116,69,55,13,1,0.3043639816687998,47.99888526485282
118506,36244,97,50,12,1,0.30583847367666045,67.33366805336394
32688,36185,81,45,2,0,1.1069472911376916,-8.662730582153022
45342,1645,12,18,5,0,0.03627902873651942,11.564651655161766
57157,47523,22,25,7,0,0.8314321704748242,3.7084922495538675
87863,19256,82,54,11,1,0.21915687881271056,64.02913593735774
72083,35840,74,49,12,1,0.4971977137783697,37.20736918040065
85733,34622,0,65,10,0,0.4038304523292976,0.0
109045,37430,87,60,11,1,0.34324963776754763,57.13728151422336
54698,39282,53,54,0,0,0.7181484122196018,14.938134152361105
100623,2708,70,21,16,1,0.02691206869136588,68.11615519160439
42671,11694,88,47,15,1,0.27404386951631043,63.884139482564684
45184,9524,84,23,10,1,0.2107779130242337,66.29465530596437
113384,31880,14,63,12,1,0.2811659390571945,10.063676853199276
62107,39224,64,36,17,1,0.6315450505570941,23.58111676434598
106202,36980,75,49,10,1,0.348201086598307,48.884918505126976
71663,32409,70,26,11,1,0.452235432016075,38.34351975887474
35708,13224,14,29,5,0,0.3703268083676384,8.815424682853061
111906,40738,20,28,8,0,0.3640344214392308,12.719311571215384
69811,25150,18,63,15,0,0.3602532515899845,11.515441471380278
22811,49688,59,33,3,0,2.1781518499035597,-69.51095914431002
76250,34393,92,18,2,1,0.4510498222974125,50.503416348638055
92082,43082,88,62,15,1,0.4678605171421435,46.82827449149137
54754,7973,32,38,11,0,0.14561227285179434,27.34040726874258
115742,8577,48,47,10,1,0.07410383349317021,44.44301599232783
31411,8070,95,30,4,1,0.2569081879536483,70.59372214440342
22911,8666,34,51,17,0,0.37822974860335196,21.140188547486034
87270,36368,43,21,18,1,0.4167249143472631,25.080828683067686
103763,6783,89,45,5,1,0.06536949230947149,83.18211518445703
28680,45994,10,55,17,0,1.6036400404448938,-6.036400404448939
104896,41914,98,48,5,1,0.39957291438268017,58.841854390497346
103879,4971,71,44,3,1,0.04785329226030035,67.60241624951868
91295,13490,77,22,11,1,0.14776112863652296,65.62239309498773
108614,45719,73,42,18,1,0.4209271279289233,42.272319661188604
31111,45080,65,20,1,0,1.4489586011828233,-29.182309076883513
57504,1990,45,50,16,1,0.03460568646204678,43.442744109207894
21802,5299,8,21,10,0,0.24303994863092235,6.055680410952621
28155,45765,2,42,10,0,1.6254084386986787,-1.2508168773973574
93656,19956,84,37,15,1,0.21307537076780167,66.10166885550466
59384,22359,25,51,1,0,0.3765092194998737,15.587269512503157
67254,46240,71,43,1,1,0.6875325254627909,22.18519069214185
41918,37148,47,22,7,0,0.886185262053007,5.349292683508673
105981,28734,65,52,12,1,0.2711215112000151,47.377101771999016
80713,4757,69,45,9,1,0.05893649181059048,64.93338206506925
50306,19097,27,46,7,0,0.379609199514978,16.750551613095595
36646,10395,92,26,3,1,0.28365214069364475,65.90400305618468
66843,16241,25,69,14,0,0.2429687032493567,18.925782418766083
116601,38356,24,55,0,1,0.32894804548807055,16.105246908286308
110735,27696,11,67,10,1,0.25010836584308627,8.24880797572605
36371,4944,4,23,6,0,0.13592873639063016,3.4562850544374792
97371,46163,97,36,16,1,0.47408906051020827,51.0133611305098
22049,19816,47,61,19,0,0.8986848072562358,4.761814058956918
51616,49840,36,28,17,0,0.9655733576147393,1.239359125869386
40932,37011,78,19,11,1,0.9041848874990839,7.4735787750714575
49855,24917,43,64,8,0,0.49977936456996147,21.509487323491655
81434,31195,99,61,4,1,0.3830662491557684,61.076441333578934
92694,21566,14,61,9,0,0.23265548303576244,10.742823237499326
63016,9916,42,26,3,1,0.15735436469524097,35.391116682799876
27400,20806,47,38,4,0,0.7593153534542535,11.312178387650086
62642,9984,86,41,9,1,0.15937934006992002,72.29337675398688
35151,1759,69,51,10,1,0.050039827036868455,65.54725193445607
71407,41949,45,39,9,0,0.587455187093883,18.564516580775265
86690,26838,42,20,7,1,0.3095823095823096,28.997542997542997
24499,2482,20,29,1,0,0.10130612244897959,17.973877551020408
26295,24442,22,45,7,0,0.9294949802251293,1.5511104350471547
79040,33719,79,47,15,1,0.4266013840918005,45.29849065674776
32183,27965,46,43,4,0,0.8689100173999503,6.030139199602285
49299,2079,14,65,2,0,0.042170385395537524,13.409614604462474
32874,2717,24,38,11,0,0.08264638783269962,22.01648669201521
52711,27952,35,45,12,0,0.5302777356199727,16.440279253300954
25539,20908,74,43,12,0,0.8186374314800313,13.420830070477683
73351,42460,50,50,9,0,0.5788526556876431,21.057367215617845
81267,24861,14,38,3,0,0.30591376679627896,9.717207264852094
68354,7311,67,52,8,1,0.10695633091946456,59.83392582839588
22557,28071,20,69,1,0,1.2443922333540207,-4.887844667080414
58360,23570,12,51,18,0,0.4038655951748599,7.15361285790168
102018,18449,85,58,0,1,0.18083886334898402,69.62869661533635
22200,33536,18,68,6,0,1.5105625872708437,-9.190126570875186
88497,38258,33,64,16,0,0.4323035548825962,18.733982688874324
66975,48302,77,35,2,1,0.7211837075967511,21.468854515050165
41357,28865,67,28,19,0,0.6979302674210551,20.238672082789307
97505,6645,51,40,19,1,0.06814965232908744,47.52436773121654
22869,38000,26,65,2,0,1.6615653694796677,-17.20069960647136
81135,26737,28,39,2,0,0.32953312956024455,18.773072372313152
70108,11485,27,34,16,0,0.16381634312285157,22.576958735683007
114179,38565,34,22,6,1,0.3377561744613768,22.516290068313186
110272,25522,7,61,13,0,0.23144378043582745,5.379893536949208
58467,12342,15,28,16,0,0.2110898269138674,11.833652596291987
43328,40806,35,47,17,0,0.9417711001869418,2.038011493457038
111412,48770,29,32,12,0,0.43774065863050093,16.30552089971547
106831,13087,17,44,19,1,0.12250074883929908,14.917487269731916
23987,37641,1,52,19,0,1.569159579789895,-0.569159579789895
78871,34249,48,50,17,1,0.43423521655340297,27.15670960543666
42399,10093,76,37,3,1,0.23804245283018868,57.90877358490566
66214,47190,3,33,0,0,0.7126783961338066,0.8619648115985803
119522,16438,89,51,17,1,0.13753001514352886,76.75982865222593
106416,40411,88,19,0,1,0.37974195852166476,54.5827076500935
90271,26399,93,52,12,1,0.29243840836582774,65.80322802197801
64064,19846,74,57,19,1,0.3097791305705143,51.07634433778194
90091,15708,6,45,19,0,0.17435510367180215,4.953869377969187
60818,44039,94,64,9,1,0.7240993768394745,25.9346585770894
65525,49984,73,56,10,1,0.7628117083295181,17.314745291945183
39830,45368,38,23,8,0,1.139012327081921,-5.282468429112999
37429,10998,12,26,8,0,0.29382847982901417,8.47405824205183
26893,47063,30,37,4,0,1.7499442254778017,-22.498326764334053
99909,30678,70,18,0,1,0.3070563507156441,48.50605544990491
67333,10682,62,25,16,1,0.1586419936436273,52.16419639409511
23436,49148,55,40,1,0,2.097026069889491,-60.33643384392201
94290,8519,41,20,12,1,0.09034796534133692,37.29573342100519
96213,31480,60,21,8,1,0.32718731161785186,40.36876130292889
25895,19694,41,42,3,0,0.7605035526722274,9.819354340438679
39738,3300,55,64,4,1,0.08304184805858225,50.432698356777976
50746,6722,35,55,10,0,0.13246103217924213,30.363863873726526
69377,39986,83,32,18,1,0.5763498515379515,35.162962322350026
68404,24160,67,38,2,1,0.35319055624588847,43.33623273152547
74045,20059,6,52,11,0,0.2708991707857278,4.374604975285633
117888,35822,53,63,18,1,0.3038621075757704,36.89530829848417
59790,13575,0,69,18,0,0.227040858992156,0.0
25600,7970,43,31,12,0,0.3113159642201476,29.613413538533653
114660,34911,44,53,6,1,0.3044714419026522,30.603256556283306
113179,21591,46,29,14,1,0.19076691995052128,37.22472168227602
60764,31821,12,34,6,0,0.5236731671192298,5.715921994569242
94543,9503,21,56,7,1,0.10051404636994415,18.889205026231174
65714,47917,20,26,4,0,0.7291638134368105,5.41672373126379
76835,18922,85,52,13,1,0.24626477172158884,64.06749440366494
93744,12175,91,30,3,1,0.1298735932583071,79.18150301349405
76491,41124,8,32,9,0,0.5376248496574805,3.699001202740156
38589,21389,25,35,19,0,0.5542627623736719,11.143430940658202
63484,47838,8,68,14,0,0.7535323304717649,1.9717413562258805
102989,822,14,50,17,1,0.0079813574133411,13.888260996213225
56212,17327,9,23,19,0,0.3082383078647288,6.225855229217441
63525,47057,87,44,12,1,0.7407518181531971,22.55459182067185
67202,6150,41,40,7,1,0.09151377170662024,37.24793536002857
52635,4425,71,44,8,1,0.08406793829318338,65.03117638118398
83208,16032,23,51,15,1,0.19267146582701392,18.56855628597868
53828,2198,79,63,18,1,0.04083300822976463,75.77419234984859
38711,20079,48,55,15,0,0.518676379417235,23.103533787972722
23420,36220,25,31,6,0,1.5464753853379445,-13.661884633448611
116752,41874,90,53,13,1,0.35865459559925655,57.72108639606691
20301,13859,36,25,13,0,0.6826421042261847,11.424884247857353
65236,31419,67,52,3,1,0.4816131949660469,34.731915937274856
86235,8705,49,36,14,1,0.10094392133215827,44.05374785472424
74240,42880,23,47,2,0,0.5775784270147223,9.715696178661387
85726,23236,18,31,4,0,0.2710464614415528,13.121163694052049
30492,22419,99,37,0,1,0.7352179188666251,26.21342603220411
26102,19978,59,66,2,0,0.7653526414588362,13.844194153928665
70336,37609,38,42,14,0,0.5346972432716778,17.681504755676244
105314,15358,73,57,7,1,0.14582917912927884,62.35446992356265
46641,34177,88,41,3,1,0.7327515972728442,23.517859439989707
54584,29378,17,31,1,0,0.5382064669781076,7.850490061372171
52745,37334,18,43,9,0,0.70780722708831,5.25946991241042
43093,11382,35,55,3,0,0.264120295168701,25.755789669095467
86105,14596,73,40,2,1,0.16951199684110282,60.62562423059949
71885,33572,96,39,1,1,0.4670172217121554,51.16634671563309
56631,13221,54,65,16,1,0.23345458398078825,41.393452465037434
92991,1279,68,36,19,1,0.013753871300757054,67.06473675154852
24014,45960,46,63,12,0,1.9138038725796378,-42.03497813866334
31093,7083,48,68,4,0,0.22779314337171158,37.06592911815785
38070,43861,98,20,8,1,1.1520842636127235,-14.904257834046906
55777,17771,97,59,5,1,0.31860231632543295,66.095575316433
76958,29975,32,36,4,0,0.38949310671916215,19.53622058498681
102074,45648,20,26,9,0,0.44720058780308597,11.05598824393828
30729,48285,80,45,7,0,1.5712658639765702,-45.701269118125616
119713,19063,21,37,6,1,0.15923785020966638,17.656005145597007
65017,2106,47,62,6,1,0.032391030176258884,45.47762158171583
86320,24557,36,24,5,1,0.2844846561091739,25.75855238006974
47751,48854,14,31,19,0,1.0230775674317305,-0.3230859440442271
98069,20607,34,26,2,1,0.21012542061792597,26.855735698990518
74748,37599,91,36,18,1,0.5030033846606644,45.22669199587954
25801,28529,70,64,14,0,1.1056894814355476,-7.3982637004883305
39190,35954,31,69,3,0,0.917404506136613,2.5604603097649985
69689,27856,10,31,11,0,0.39971301477973886,6.002869852202611
70993,2573,9,55,5,0,0.03624249936614362,8.673817505704708
49592,12808,72,53,18,1,0.2582622547536951,53.40511765773396
30647,35367,77,57,3,0,1.153974158183242,-11.856010180109626
28716,36801,76,34,14,0,1.281505728314239,-21.394435351882166
108891,41196,56,47,8,1,0.37831980310766633,34.81409102597068
107545,34072,24,26,4,1,0.31681327060048725,16.396481505588305
109912,23752,1,50,12,0,0.21609818674770045,0.7839018132522996
90316,17685,63,69,17,1,0.19581031256574066,50.66395030835834
22368,41401,34,42,4,0,1.8508203317090617,-28.9278912781081
97575,11372,6,31,15,1,0.11654505206198246,5.300729687628106
26655,8996,84,28,18,1,0.337484993997599,55.65126050420168
90031,16458,17,52,13,1,0.18280167051714946,13.89237160120846
96429,31889,66,58,15,1,0.33069584154308823,44.17407445815617
111083,26665,41,31,14,1,0.24004357063123402,31.158213604119403
107922,38243,38,47,3,1,0.35435449348146364,24.53452924770438
75766,31653,40,58,6,0,0.4177676297068645,23.289294811725423
33403,26657,74,21,15,1,0.7980182014130044,14.946653095437675
52097,39952,23,21,7,0,0.7668624515336481,5.362163614726095
98657,22180,59,45,16,1,0.2248170447404164,45.73579436031543
30966,31896,45,25,15,0,1.0299996770755966,-1.3499854684018464
119157,12875,18,19,9,1,0.10804981621040971,16.055103308212622
113848,1622,67,58,9,1,0.014246941123769202,66.04545494470746
72921,48756,89,63,1,1,0.6686048106195661,29.494171854858617
69726,40809,41,39,8,0,0.5852682605016708,17.0040013194315
70300,16725,31,58,16,0,0.23790557744555554,23.62492709918778
42677,40760,38,33,10,0,0.9550588125029289,1.7077651248887018
75609,15646,35,46,9,1,0.206930300224838,27.757439492130672
116825,17029,96,66,16,1,0.14576378545871638,82.00667659596323
76661,29402,35,65,3,0,0.3835276929900081,21.576530745349718
51024,4263,2,47,15,0,0.08354728074473297,1.8329054385105341
90313,30987,72,29,19,1,0.3431029519232899,47.29658746152313
73006,46828,7,52,14,0,0.6414179462243347,2.510074376429657
115285,47924,96,28,4,1,0.4156966153739396,56.093124924101794
35338,8646,69,63,5,1,0.2446588754633691,52.11853759302753
88027,27529,40,67,16,1,0.3127300404416776,27.490798382332894
112772,11664,67,38,0,1,0.10342901226357373,60.070256178340564
100135,35737,12,38,18,0,0.3568846368938244,7.717384357274108
39508,35796,48,22,3,0,0.9060214128426435,4.510972183553113
23051,24027,59,65,16,0,1.0422956793336804,-2.4954450806871433
68747,29373,1,37,8,0,0.42725606563100016,0.5727439343689998
107142,36397,59,54,1,1,0.33970488039349284,38.95741205678392
107235,20609,4,20,7,0,0.19218359506135999,3.23126561975456
74021,35835,43,61,14,0,0.48411283132041827,22.183148253222015
86412,38709,26,50,6,0,0.44795343293254486,14.353210743753834
78335,19250,31,26,5,1,0.24573631535947713,23.382174223856207
76179,21172,20,26,0,0,0.2779207140981885,14.44158571803623
52093,11555,7,21,14,0,0.22181057319460976,5.447325987637732
89678,21874,71,52,6,1,0.24391440582522106,53.6820771864093
100738,13081,49,34,16,1,0.12985040550333038,42.637330130336814
59734,24063,66,51,1,1,0.402829162132753,39.4132752992383
92615,6819,43,41,8,1,0.07362658719875616,39.834056750453485
93523,25712,57,49,8,1,0.27492408365767074,41.32932723151277
114476,24762,2,18,12,0,0.21630545873843654,1.567389082523127
37019,11046,85,25,5,1,0.29837925445705027,59.637763371150726
103613,31463,69,62,5,1,0.3036558766189897,48.047744513289715
111794,28769,1,40,19,0,0.2573370902097589,0.7426629097902411
106672,23150,86,64,19,1,0.21701836453460577,67.33642065002391
93847,2711,43,57,2,1,0.0288871366464922,41.757853124200835
102750,4853,1,29,16,1,0.04723068388628821,0.9527693161137117
99634,29077,80,29,16,1,0.2918351984744317,56.653184122045474
48251,23863,34,63,11,0,0.4945494487275139,17.185318743264524
45945,21792,97,64,15,1,0.474295912593044,50.99329647847474
110852,40483,86,32,14,1,0.3651953487952514,54.59320000360838
52217,8942,29,58,12,0,0.17124363246390134,24.033934658546862
28308,48275,7,36,0,0,1.705288070931506,-4.937016496520542
25949,48594,21,43,16,0,1.872601156069364,-18.324624277456646
71990,1762,43,69,2,1,0.024475281632426276,41.94756288980567
21150,31987,57,46,14,0,1.512316202543615,-29.202023544986055
109480,15850,35,39,3,1,0.14477397904659256,29.932910733369262
94740,12112,68,57,3,1,0.12784327798946601,59.30665709671631
86617,24058,76,38,17,1,0.27774827403080193,54.891131173659055
114841,45420,92,68,16,1,0.3954999042162275,55.61400881210707
36896,38890,30,55,18,0,1.0540152315906441,-1.6204569477193242
66175,481,46,37,10,1,0.007268496131528046,45.66564917794971
27805,47304,54,46,19,0,1.7012155649859741,-37.8656405092426
25237,32921,79,68,2,0,1.304421903478881,-24.049330374831605
40056,40385,61,21,7,0,1.008188331627431,-0.49948822927328695
65543,1524,29,24,13,1,0.023251556206517757,28.325704870010984
76556,34888,54,45,0,1,0.4557127369149784,29.391512206591166
23343,15048,15,45,13,0,0.6446196024674434,5.330705962988349
33500,35111,11,21,1,0,1.0480582669174054,-0.5286409360914599
73222,37904,16,39,3,0,0.5176515575707087,7.717575078868661
49375,34008,15,29,18,0,0.6887556707712249,4.668664938431626
29662,60,11,62,5,0,0.0020227219094494826,10.977750058996055
36964,9130,7,20,0,0,0.24699039632084405,5.271067225754091
79638,18023,83,39,16,1,0.22630871809038286,64.21637639849823
93666,45080,2,61,7,0,0.4812794260518646,1.0374411478962708
105067,13350,15,19,18,1,0.12706057029733125,13.09409144554003
87215,24354,29,41,0,1,0.2792377545404513,20.90210511832691
89042,45186,22,51,4,0,0.5074626865671642,10.835820895522387
33284,28145,91,44,15,1,0.8455760853237194,14.052576235541533
92789,34020,4,58,5,0,0.36663433559650827,2.533462657613967
104664,20587,83,18,7,1,0.19669421487603306,66.67438016528925
113468,41131,64,25,12,1,0.36248667036811816,40.800853096440434
81389,9650,29,40,15,1,0.11856493426710898,25.56161690625384
29435,19933,20,55,2,0,0.6771640168501155,6.45671966299769
74340,20581,83,23,18,1,0.2768458858503383,60.02179147442192
64078,23393,69,39,11,1,0.36506499789322555,43.81051514536744
98832,23051,21,42,15,1,0.2332318152843686,16.10213187902826
71293,26212,81,35,10,1,0.36766067270738073,51.21948551070216
115981,49082,71,34,9,1,0.4231863565035954,40.95376868824473
98781,4090,31,29,19,1,0.04140430442793221,29.7164665627341
80403,6960,32,23,3,1,0.08656285756927516,29.229988557783194
49124,35772,15,43,11,0,0.7281832061068703,4.077251908396946
115435,21520,75,44,1,1,0.18642364600298,61.0182265497765
63919,49481,37,25,18,0,0.7741082603254068,8.357994367959948
55247,36408,97,36,4,1,0.6589921807124239,33.07775847089488
114758,28470,13,59,7,1,0.24808511750712361,9.774893472407394
111747,20491,35,18,6,1,0.18336793499659948,28.582122275119016
82752,1341,96,46,13,1,0.016204850579435187,94.44433434437423
76573,44623,22,62,2,0,0.5827434899574268,9.179643220936612
79101,24791,65,66,17,1,0.31340547647341405,44.62864402922809
46646,338,84,52,15,1,0.00724591077668446,83.3913434947585
43049,5895,1,57,18,0,0.13693379790940766,0.8630662020905924
99605,12254,90,31,18,1,0.12302471738650282,78.92777543521476
118116,11344,72,52,17,1,0.09604036675499716,65.08509359364021
117379,1750,64,65,19,1,0.014908843073777475,63.04583404327824
88385,2421,74,62,15,1,0.027391215803407778,71.97305003054782
60158,39887,66,37,7,1,0.6630263136022873,22.24026330224904
85417,5319,51,66,0,1,0.06227024748881969,47.824217378070195
43289,15896,61,30,16,1,0.3671979671979672,38.600924000923996
29823,11918,22,55,11,0,0.39961105150214593,13.20855686695279
80160,25064,25,66,10,0,0.31267075011539275,17.18323124711518
61975,46617,67,63,4,0,0.7521782625532464,16.604056408932493
29540,27935,81,66,11,1,0.9456348803358045,4.40357469279984
36364,37641,54,25,16,0,1.0350886841743434,-1.8947889454145441
24611,29711,5,60,5,0,1.2071753616122216,-1.035876808061108
47663,4806,34,37,0,0,0.10083081570996978,30.57175226586103
71991,41360,21,50,4,0,0.5745082786976331,8.935326147349706
77679,12182,42,43,13,1,0.15682286302780638,35.41343975283213
50977,22297,14,56,4,0,0.43738475420769746,7.876613441092236
114704,19541,85,38,0,1,0.1703587463493309,70.51950656030688
69115,28921,59,66,17,1,0.4184414607326813,34.311953816771805
111007,16774,11,59,15,1,0.15110622657826464,9.33783150763909
108223,44813,48,60,8,1,0.41407636014192784,28.124334713187466
80890,37198,41,58,18,0,0.45985338294742306,22.146011299155653
86387,8820,37,26,4,1,0.10209751354354772,33.22239199888874
38071,24070,81,41,1,1,0.6322231561252364,29.789924353855852
79275,4232,44,54,14,1,0.05338311721075736,41.65114284272668
92369,11122,34,66,6,1,0.1204070585687994,29.90616000866082
31938,15023,29,58,3,0,0.4703653840132753,15.359403863615016
55195,8007,87,34,0,1,0.1450648597724473,74.37935719979708
111680,17905,29,41,12,1,0.16032270484684055,24.350641559441623
24000,41786,77,38,19,0,1.7410107912170327,-57.05783092371152
90588,29398,5,68,6,0,0.32452063716345253,3.3773968141827373
113610,34268,66,56,14,1,0.30162572286134265,46.09270229115139
117856,6737,79,58,13,1,0.05716249353029519,74.48416301110667
58304,36062,6,56,18,0,0.6185061315496098,2.2889632107023417
89449,25510,51,30,19,1,0.28518725544997203,36.455449972051426
102986,19426,13,28,17,1,0.18862574888092673,10.547865264547951
109643,37265,72,63,9,1,0.3398726788515559,47.52916712268797
40764,17850,14,36,8,0,0.43787562860296825,7.869741199558445
106027,614,20,28,7,1,0.005790923152374844,19.884181536952504
58494,21776,34,30,9,0,0.3722711342849816,21.342781434310627
23373,24077,65,63,16,0,1.0300761529905023,-1.9549499443826468
32161,9374,90,62,1,1,0.2914619737578509,63.76842236179342
117532,35435,1,18,5,0,0.3014897943556278,0.6985102056443722
112658,30907,34,57,4,1,0.27434115339209475,24.672400784668778
47350,13409,81,61,8,1,0.28318303731705774,58.062173977318324
113008,16514,77,36,4,1,0.1461299542514313,65.74799352263979
114297,29866,19,29,17,1,0.2612994103133913,14.035311204045565
45351,2983,81,25,19,1,0.06577438701711061,75.67227465161405
108668,31705,9,25,8,0,0.29175753894855017,6.374182149463048
35305,20662,24,62,16,0,0.5852263071432617,9.954568628561718
95353,23510,65,29,16,1,0.24655494263481342,48.97392872873712
96797,12651,24,65,11,1,0.1306948490671295,20.863323622388894
85953,40998,53,50,6,1,0.4769760569606999,27.720268981082906
77458,28535,32,62,2,0,0.36838843775416674,20.211569991866664
40358,6640,35,43,9,0,0.1645234024628955,29.241680913798657
23267,44547,94,56,1,0,1.9145177926766375,-85.96467251160392
102745,15317,13,45,2,1,0.1490763630700952,11.062007280088762
109588,7564,64,22,15,1,0.06902152588307221,59.58262234348338
58513,27345,79,25,1,1,0.4673240591995078,42.081399323238884
46092,48288,53,42,9,0,1.0476211138350726,-2.5239190332588484
31338,28687,51,44,5,0,0.9153770062860972,4.315772679409043
20412,13737,2,63,10,0,0.6729535100181258,0.6540929799637485
27543,9323,98,40,6,1,0.33847661922741795,64.82929131571304
53496,15229,40,47,14,0,0.2846701684206591,28.613193263173635
80692,44481,5,62,5,0,0.5512374059707781,2.2438129701461094
109084,8502,24,64,19,1,0.07793922170784251,22.12945867901178
112920,545,12,40,8,1,0.004826383046554671,11.942083403441345
64425,37114,97,66,19,1,0.5760717722658554,41.12103809021203
58756,29430,7,64,11,0,0.5008764913116736,3.493864560818285
38888,9996,20,37,18,0,0.2570392656020983,14.859214687958033
55735,27788,97,35,19,1,0.4985646619778958,48.639227788144105
67295,29969,67,35,2,1,0.4453310746552544,37.16281799809796
103042,48543,24,19,14,0,0.47109459157827316,12.693729802121444
105999,13919,78,21,1,1,0.131311320754717,67.75771698113208
37955,3810,67,47,1,1,0.10037938665823586,60.2745810938982
57841,30586,44,50,2,0,0.5287853117112133,20.733446284706613
90640,39974,59,53,5,1,0.4410145519135932,32.980141437098005
85510,41773,11,35,14,0,0.48851025014325644,5.626387248424179
54911,16371,31,54,9,0,0.29813155594405594,21.757921765734267
79031,45084,95,36,8,1,0.570452474946857,40.807014880048584
108726,29629,91,64,0,1,0.27250820863263037,66.20175301443064
27357,8436,12,45,15,0,0.3083558739673953,8.299729512391256
52479,12984,30,57,5,0,0.24740853658536585,22.577743902439025
81476,33039,77,37,8,1,0.4055009389152767,45.776427703523694
64811,19895,19,66,3,0,0.3069647596124174,13.167669567364069
56208,18155,17,50,1,0,0.32299098009215604,11.509153338433348
40150,10616,92,29,3,1,0.2644018828920824,67.67502677392841
91180,37129,59,68,0,1,0.40720106162468056,34.97513736414384
63286,39837,62,32,18,0,0.6294657670611657,22.973122442207725
88450,24574,5,58,9,0,0.2778261410272354,3.6108692948638232
41352,3430,31,56,14,0,0.08294440548448721,28.428723429980895
75069,12676,92,19,18,1,0.16885573464766218,76.46527241241508
34397,10816,42,46,15,0,0.3144368858654573,28.79365079365079
61555,32733,1,58,3,0,0.5317596984859315,0.4682403015140685
66959,20144,59,27,1,1,0.3008363201911589,41.250657108721626
20728,2050,22,19,12,0,0.09889526749963819,19.824304115007962
70517,44460,82,68,0,1,0.6304773249383137,30.30085935505828
86234,33933,30,28,16,0,0.3934945207862237,18.195164376413288
59954,24951,4,30,12,0,0.41616212159119337,2.3353515136352265
67280,32413,82,27,3,1,0.481755621943788,42.496039000609386
99459,34801,33,31,6,1,0.3498994570681681,21.45331791675045
36779,32913,9,35,16,0,0.8948613376835236,0.9462479608482876
83932,47037,88,68,8,1,0.5604112804260541,38.683807322507235
92936,40600,1,26,3,0,0.4368550738672434,0.5631449261327566
44466,25280,10,56,18,0,0.5685114804236849,4.314885195763151
56939,24557,49,45,0,0,0.4312785388127854,27.86735159817352
89896,47054,30,20,9,0,0.5234212487624726,14.29736253712582
55270,35400,55,37,3,0,0.6404805413327062,19.77357022670116
79163,4494,78,23,8,1,0.05676822798241625,73.57207821737154
102637,15152,72,44,12,1,0.14762563572945692,61.370954227479096
71934,23895,86,19,13,1,0.3321748801000904,57.43296031139223
84895,9155,82,46,9,1,0.10783782510365623,73.1572983415002
52307,31883,8,55,5,0,0.6095243557390839,3.1238051540873286
74098,43194,98,20,15,1,0.5829228464621655,40.87356104670778
80921,43001,20,33,5,0,0.5313882504139789,9.372234991720422
25486,1828,72,47,16,1,0.0717228390944403,66.8359555852003
28335,45028,27,57,9,0,1.5890739695087521,-15.904997176736307
106900,41898,61,19,17,1,0.3919327227995996,37.09210390922442
109112,32123,6,34,17,0,0.2944012170868732,4.233592697478761
117203,37573,79,58,2,1,0.3205777959796594,53.67435411760691
31130,806,15,29,19,0,0.025890591371944365,14.611641129420834
107508,40970,96,52,14,1,0.3810843743314513,59.41590006418067
80566,29757,3,60,14,0,0.3693447689500664,1.8919656931498008
86703,34636,3,18,3,0,0.3994740727071415,1.8015777818785754
47192,14561,39,62,8,0,0.30854152098828214,26.966880681456995
21062,48280,16,32,18,0,2.2921711057304277,-20.674737691686843
104076,24262,51,43,16,1,0.2331158661375712,39.11109082698387
109780,14899,92,54,10,1,0.13571565207094125,79.5141600094734
41545,48988,51,38,8,0,1.1791267510711019,-9.135464304626195
41689,15934,35,66,9,0,0.3822019668985368,21.62293115855121
31174,38197,37,48,17,0,1.225244587008821,-8.33404971932638
108461,41844,49,42,19,1,0.385794103003817,30.096088952812966
29348,36332,62,40,12,0,1.2379297420695765,-14.751644008313743
43714,34157,62,41,7,0,0.7813565137824545,13.55589614548782
58102,11593,61,55,6,1,0.19952498149837358,48.82897612859921
94460,40042,98,45,16,1,0.4238998105038058,56.457818570627026
109930,49976,6,38,14,0,0.45461243871155543,3.2723253677306676
26801,17320,26,60,19,0,0.6462204313110962,9.198268785911498
92267,27376,91,35,14,1,0.2967009147266658,64.00021675987341
68136,43513,85,53,0,1,0.6386104466002319,30.718112038980287
43625,14199,13,52,13,0,0.3254710493742264,8.768876358135058
102873,15876,70,62,4,1,0.15432470789509498,59.19727044734335
92592,8245,85,26,10,1,0.08904560819932392,77.43112330305746
97052,7214,4,55,15,1,0.07433052043728684,3.7026779182508527
64261,726,54,47,1,1,0.011297500855871277,53.389934953782955
21542,46600,1,61,7,0,2.163115629206703,-1.163115629206703
41677,11362,61,51,10,1,0.272613849033063,44.37055520898316
66732,18297,90,49,17,1,0.2741821887222214,65.32360301500007
70343,30448,20,20,2,0,0.43284430797225065,11.343113840554988
59081,26172,78,20,0,1,0.4429775566162283,43.447750583934194
82856,42874,20,45,10,0,0.5174457197339996,9.65108560532001
113105,7657,9,61,15,1,0.06769755804289782,8.39072197761392
108858,18850,86,32,17,1,0.17315977548939454,71.10825930791206
39065,25425,57,58,15,0,0.6508216863769006,19.903163876516665
103460,26685,38,40,9,1,0.25792327543712124,28.198915533389393
108092,47319,4,57,17,0,0.43776192722933027,2.248952291082679
74693,24578,64,28,5,1,0.329049187351059,42.94085200953222
46962,28831,12,65,18,0,0.6139088218384686,4.633094137938377
48295,7906,84,49,3,1,0.16369885704820275,70.24929600795097
33807,7287,89,53,12,1,0.21554070042593468,69.81687766209181
62348,33660,84,50,13,1,0.5398643121782226,38.6513977770293
46432,10222,52,41,2,1,0.22014515538517865,40.55245191997071
103285,37443,81,56,9,1,0.36251766938404045,51.636068779892724
111792,34701,44,51,5,1,0.31040405034304475,30.34222178490603
77854,17764,31,45,0,1,0.22816774773617624,23.926799820178537
60262,44641,35,54,13,0,0.740769626470637,9.073063073527704
57080,17674,80,24,7,1,0.3096301746640739,55.22958602687409
21324,18024,98,21,18,1,0.8452051582649472,15.16989449003517
111267,46007,59,54,13,1,0.41347916741560914,34.604729122479064
55909,23874,10,18,9,0,0.42700769093185476,5.729923090681453
109339,43642,62,18,16,1,0.3991402963233949,37.25330162794951
39870,32284,20,64,8,0,0.8097113190037872,3.8057736199242553
54578,17602,51,37,5,1,0.3225049927627842,34.552245369098
92124,37784,54,36,10,1,0.4101383989145183,31.852526458616012
46790,23265,25,46,6,0,0.4972110021157915,12.569724947105213
45289,25931,67,27,16,1,0.572554647825127,28.638838595716493
75129,28841,33,35,0,0,0.38388127246106746,20.331918008784776
113714,29192,51,45,4,1,0.25671195532691377,37.9076902783274
114246,46542,81,52,8,1,0.4073805001444239,48.00217948830166
35485,42520,98,60,17,1,1.1982190159499522,-19.425463563095313
64482,15585,92,64,1,1,0.24169160864103717,69.76437200502457
106188,25559,51,48,10,1,0.24069348049232972,38.72463249489118
24748,40059,28,44,5,0,1.6186108529637562,-17.321103882985174
106769,33742,37,28,7,1,0.31602510068371265,25.30707127470263
29435,4133,41,66,3,0,0.14040630520451147,35.24334148661503
23709,14663,20,66,17,0,0.618431041754534,7.63137916490932
50355,21754,41,55,10,0,0.43200413059019777,23.28783064580189
75771,3972,12,22,4,0,0.05242041915219342,11.37095497017368
77799,5295,63,25,14,1,0.06805912596401029,58.71227506426735
33116,46681,16,51,17,0,1.4095781622731527,-6.553250596370443
45470,41873,8,65,1,0,0.9208726441028348,0.6330188471773219
62344,29125,40,69,10,0,0.4671585532119657,21.31365787152137
62918,40996,0,29,12,0,0.6515678888729954,0.0
72224,9903,1,55,3,0,0.13711318795430946,0.8628868120456905
59298,3020,59,18,6,1,0.05092834617784448,55.99522757550717
100219,41755,47,48,10,1,0.4166334065056875,27.418229894232688
81629,20420,28,21,3,1,0.25015312997672423,20.995712360651723
86040,21452,96,66,14,1,0.24932299717576503,72.06499227112656
119518,45648,9,62,0,0,0.3819309063830855,5.56262184255223
119835,38001,57,67,2,1,0.3171083814546547,38.924822257084685
48016,9516,59,22,13,1,0.1981798113168253,47.30739113230731
43960,47327,20,47,5,0,1.0765678669729988,-1.5313573394599755
53591,49469,27,41,17,0,0.9230668756530825,2.0771943573667713
102848,2396,74,20,0,1,0.023296288733969217,72.27607463368628
87641,18546,33,28,5,1,0.21161087149996577,26.01684124050113
56395,19129,7,62,5,0,0.3391907227462941,4.625664940775942
42700,1591,58,21,15,1,0.03725908058359289,55.83897332615162
54620,11303,85,43,4,1,0.2069350616063419,67.41051976346094
40559,30561,71,44,16,0,0.7534763313609467,17.503180473372783
113045,6183,48,63,9,1,0.05469454912159652,45.37466164216337
113396,26572,78,60,17,1,0.23432718678624656,59.72247943067277
81642,34080,16,44,6,0,0.417427091116201,9.321166542140784
96539,20695,59,59,2,1,0.21436710171949452,46.35234099854982
41732,7314,86,68,12,1,0.17525699087053412,70.92789878513406
111362,19623,87,67,14,1,0.17620753751245927,71.66994423641604
50354,2139,44,23,19,1,0.042478403336312184,42.130950253202265
33843,47456,82,32,18,0,1.4021983217113816,-32.98026238033329
91726,31290,68,47,2,1,0.3411209349482704,44.80377642351761
37640,18088,31,59,3,0,0.48053983687999785,16.10326505672007
72528,39692,43,54,4,0,0.5472569592852514,19.46795075073419
58413,33130,64,54,0,1,0.5671585578799603,27.701852295682542
72638,32088,86,59,3,1,0.44174616941312517,48.009829430471235
72736,26292,7,54,11,0,0.36146665383504956,4.469733423154653
88866,46249,76,52,9,1,0.5204294057411638,36.44736516367155
39087,20670,71,40,19,1,0.5288067949242734,33.45471756037659
61430,3738,86,23,12,1,0.060848757142159496,80.76700688577428
44504,2469,42,21,13,1,0.05547691270643748,39.66996966632963
27114,22534,0,35,4,0,0.8310529227364927,0.0
98859,48874,50,26,3,1,0.4943758850900263,25.281205745498685
119657,49708,23,66,13,0,0.4154172725601297,13.445402731117017
30975,9017,98,46,9,1,0.2910963326446281,69.47255940082644
31023,2808,23,30,16,0,0.09051057246003094,20.91825683341929
41447,49138,16,64,9,0,1.1855336807566106,-2.9685388921057694
110469,47638,4,69,6,0,0.4312301982438671,2.2750792070245316
43959,12713,19,34,15,0,0.28919472247497724,13.505300272975433
86203,40329,20,62,0,0,0.46783211915920375,10.643357616815925
49703,2719,57,49,16,1,0.05470384677289554,53.88188073394495
29337,22890,30,65,8,0,0.7802167836935033,6.5934964891949
66427,11700,99,39,5,1,0.17613054735954717,81.56307581140483
81529,36509,10,21,18,0,0.44779835643321475,5.522016435667853
104665,42534,51,22,12,1,0.4063783845756979,30.274702386639408
51921,36766,14,54,2,0,0.7081006124571473,4.086591425599938
53307,26705,82,58,6,1,0.5009567044346065,40.921550236362265
47355,18787,6,66,8,0,0.3967184728439902,3.6196891629360586
24835,48845,27,30,4,0,1.9667015622483492,-26.10094218070543
40159,26588,50,51,9,0,0.6620517928286852,16.89741035856574
67605,26123,57,62,16,1,0.3864006153300003,34.975164926189976
58088,33062,4,39,11,0,0.5691611148410198,1.7233555406359207
98752,10177,4,40,15,1,0.10305509706034247,3.5877796117586302
75284,21727,93,68,2,1,0.28859666600252376,66.1605100617653
77043,30220,95,20,8,1,0.3922433933855978,57.73687762836821
55547,9882,7,59,14,0,0.177900194426442,5.754698639014906
117007,1136,63,51,4,1,0.009708737864077669,62.38834951456311
102844,34832,9,49,12,0,0.33868442802275267,5.951840147795226
47532,31966,37,62,13,0,0.6725012096859024,12.11745524162161
54349,7009,95,68,19,1,0.12896044158233672,82.74875804967802
65445,12987,91,66,14,1,0.19843840723650033,72.94210494147848
25713,37311,80,38,15,0,1.450999455549506,-36.079956443960484
76178,31575,94,63,12,1,0.4144843066986965,55.03847517032253
69407,1007,7,61,16,0,0.014508414015675427,6.898441101890272
90340,5445,24,38,7,1,0.060271637462503184,22.553480700899925
70990,10706,72,61,1,1,0.15080784888225268,61.14183488047781
95672,47517,65,28,4,1,0.49666049982753757,32.71706751121006
85545,44486,78,56,5,1,0.5200243144039464,37.43810347649218
104791,29257,49,21,11,1,0.27919115963050617,35.3196331781052
78141,21736,66,68,17,1,0.27816027232474216,47.641422026567014
43793,42207,48,18,0,0,0.9637621591998904,1.7394163584052613
76570,13281,35,45,16,1,0.17344686630708753,28.929359679251938
115084,1435,67,41,10,1,0.012469044619194508,66.16457401051397
57892,33339,77,52,9,1,0.5758727307273763,32.65779973399202
21015,35150,40,30,18,0,1.6725352112676057,-26.90140845070423
81813,25821,88,64,13,1,0.3156061309800279,60.22666047375755
47712,26660,61,51,9,0,0.5587575713118018,26.915788149980088
28415,5084,9,28,14,0,0.17891328828828829,7.389780405405406
82292,16661,20,53,18,0,0.20245950445359873,15.950809910928026
43833,13507,35,68,3,0,0.3081398001551307,24.215106994570423
24158,7059,11,34,1,0,0.2921892462436359,7.785918291320004
82680,18271,90,52,8,1,0.22098184588962397,70.11163386993384
40309,45539,1,35,9,0,1.1297196725378318,-0.1297196725378318
26970,7491,12,57,10,0,0.2777427607430203,8.667086871083757
92474,47295,52,39,13,1,0.5114355231143553,25.405352798053528
106704,14859,31,41,6,1,0.13925308092404293,26.68315449135467
66540,8073,94,36,14,1,0.12132369516538676,82.59557265445365
40384,9077,15,54,18,0,0.22476166893648633,11.628574965952705
38017,20953,31,56,14,0,0.551133673523068,13.914856120784894
95880,11383,31,38,7,1,0.11872008009928975,27.319677516922017
28702,49146,97,25,10,0,1.7122252029404592,-69.08584468522454
20384,2353,10,45,8,0,0.11542801079224921,8.845719892077508
20404,23821,9,22,14,0,1.167409948542024,-1.5066895368782156
60943,37567,14,34,0,0,0.6164183512733,5.3701430821738
67926,49838,16,54,0,0,0.733699412604708,4.260809398324673
49189,24860,39,53,18,0,0.5053872738361456,19.289896320390323
32763,21195,17,36,2,0,0.6468990355267977,6.0027163960444385
38384,11939,54,44,9,0,0.3110329555816074,37.2042203985932
80100,25338,72,51,7,1,0.31632563888091286,49.22455400057428
118142,21730,24,28,14,1,0.18392964458325928,19.58568853000178
29860,21427,58,62,9,0,0.7175580188205352,16.381634908408962
100642,35196,77,64,0,1,0.3497113559810419,50.07222558945978
70612,27083,88,29,17,1,0.38354127426961043,54.24836786427428
43574,21510,21,38,1,0,0.493631669535284,10.633734939759035
43524,44064,29,28,18,0,1.012383687535899,-0.3591269385410685
89172,7813,83,56,12,1,0.08761620669933724,75.72785484395501
30916,31598,84,45,0,1,1.0220267166930814,-1.85024420221884
24809,47182,43,22,1,0,1.901733172108021,-38.77452640064491
52201,27570,31,34,15,0,0.5281406842649707,14.627638787785907
73330,27082,50,37,14,1,0.3693117508284354,31.53441245857823
33456,29241,45,58,12,0,0.8739875063514362,5.670562214185372
76397,30678,20,63,15,0,0.40155501452917614,11.968899709416476
58765,44569,98,29,16,1,0.7584147296055542,23.675356498655685
54816,11745,31,23,6,0,0.21425835051170258,24.35799113413722
65106,26029,93,34,16,1,0.3997880412244459,55.819712166126536
73932,13025,38,68,6,1,0.17617302151948386,31.30542518225961
37100,36124,11,36,12,0,0.9736664779925069,0.28966874208242366
77091,14288,46,43,4,1,0.18533699994811395,37.47449800238676
41949,23650,17,65,16,0,0.5637663885578069,7.415971394517283
90080,6540,20,61,2,1,0.0726013254737403,18.547973490525195
57744,32232,12,61,6,0,0.5581781972465149,5.301861633041822
65543,16422,20,69,16,0,0.2505492493592091,14.989015012815818
112193,3342,7,49,6,1,0.029787689181239637,6.791486175731323
56187,41846,45,23,0,0,0.744749768633872,11.48626041147576
27239,35612,6,53,16,0,1.3073421439060207,-1.844052863436124
34489,10396,22,55,16,0,0.30142070165265294,15.368744563641636
78017,17482,95,28,10,1,0.2240764951677818,73.71273295906073
81877,23411,74,50,2,1,0.28592540120667337,52.841520310706166
63125,46766,85,41,14,1,0.7408357887399803,22.02895795710167
69922,13261,21,40,10,0,0.18965147376399755,17.01731905095605
114074,3093,88,32,15,1,0.027113740959894807,85.61399079552926
52049,11722,21,44,8,0,0.22520653218059558,16.27066282420749
57131,22042,91,28,0,1,0.38580830357767976,55.89144437443114
62944,44413,28,68,15,0,0.7055842402097069,8.243641274128207
93963,47851,12,67,8,0,0.5092482227235963,5.889021327316845
44285,28087,81,34,18,1,0.6342184889129747,29.628302398049048
57626,32347,1,68,11,0,0.5613167438874139,0.4386832561125861
62808,33756,28,31,18,0,0.5374389020681749,12.951710742091102
108464,39214,84,44,8,1,0.36153597934817683,53.630977734753145
73871,16335,78,35,6,1,0.22112573099415206,60.75219298245614
39198,28602,51,45,13,0,0.7296614709558917,13.787264981249521
39758,48901,26,68,18,0,1.2299353605472976,-5.978319374229737
35254,34450,49,64,18,0,0.977166359381648,1.1188483902992492
64238,32196,94,64,1,1,0.5011908653621632,46.88805865595666
21252,5626,78,21,8,1,0.26471556956664943,57.35218557380134
59764,7424,22,24,12,0,0.1242198611227307,19.267163055299925
97709,12857,87,62,14,1,0.1315832565755808,75.55225667792448
57441,44923,43,52,2,0,0.7820584241495769,9.371487761568192
112234,19982,76,65,10,1,0.17803715418541452,62.469176281908496
73682,11425,21,26,13,0,0.15505611877909423,17.743821505639023
79494,1980,42,25,7,1,0.02490722686961444,40.95389647147619
101317,48290,36,69,17,0,0.47661817248662625,18.841745790481454
85215,26431,60,62,18,1,0.31016475779196395,41.390114532482166
98587,19440,96,34,15,1,0.1971842414898365,77.0703128169757
26949,41752,55,34,1,0,1.549239332096475,-30.208163265306126
75393,17175,2,66,7,0,0.2278032734700374,1.5443934530599253
93553,48651,62,50,5,1,0.5200312119203883,29.758064860935928
26941,26385,18,49,11,0,0.9793259594684879,0.3721327295672181
45934,38158,22,25,14,0,0.8306955480570372,3.7246979427451823
43386,23019,28,36,7,0,0.5305506257634776,13.144582478622628
81886,18639,29,55,3,1,0.22761854751059388,22.399062122192777
95745,19994,38,20,14,1,0.20882334510057862,30.06471288617801
103251,34375,24,22,19,1,0.3329233332041994,16.009840003099214
114456,21563,7,30,16,1,0.18839389465039272,5.681242737447251
73413,39341,57,64,12,1,0.5358787152314273,26.454913231808646
76800,5776,15,63,17,0,0.07520735407091053,13.871889688936342
117239,36444,71,48,1,1,0.31084953940634596,48.929682702149435
62318,3380,0,33,12,0,0.05423707055633113,0.0
90173,8711,4,67,12,0,0.096602124780979,3.613591500876084
90390,8782,2,49,14,0,0.09715569027889945,1.805688619442201
72329,17434,64,39,19,1,0.24103414903912623,48.57381446149592
63088,46765,3,46,9,0,0.7412544183613625,0.7762367449159124
59811,20017,98,39,2,1,0.3346652845582826,65.2028021132883
75479,30707,95,60,18,1,0.4068229994700583,56.35181505034446
105392,39110,63,20,2,1,0.37108726386002866,39.62150237681819
107369,17343,97,27,13,1,0.16152556580050292,81.33202011735122
39963,38827,88,59,7,1,0.9715493944550095,2.5036532879591604
75123,41652,9,38,3,0,0.5544433203769767,4.0100101166072095
112705,5655,20,33,19,1,0.050174791049278654,18.996504179014426
93477,44859,45,29,10,1,0.4798883159673934,23.405025781467295
34388,15251,90,19,10,1,0.4434848352670912,50.08636482596179
25569,526,26,58,10,0,0.020570981619084865,25.465154477903795
89836,3224,65,41,1,1,0.03588721796141901,62.667330832507766
56586,47837,40,52,16,0,0.8453708448937035,6.18516620425186
32015,11536,12,47,8,0,0.36031984007996004,7.676161919040479
65002,28541,8,47,1,0,0.43907204282879253,4.48742365736966
26254,13547,35,64,14,0,0.5159779089697201,16.940773186059797
37144,34531,85,52,15,1,0.9296271368959483,5.981693363844391
44214,8712,89,36,3,1,0.1970372045685853,71.4636887933959
100719,38565,57,67,7,1,0.38289316918189037,35.17508935663225
91774,9208,53,25,8,1,0.10033233451375646,47.682386270770905
26090,5109,11,43,4,0,0.19581464872944693,8.846038863976084
31637,49268,80,66,15,0,1.5572412921170744,-44.57930336936595
42415,35201,77,57,12,1,0.8298990946812523,13.09776970954357
44071,16967,13,24,6,0,0.38498366309675075,7.995212379742241
78243,29759,33,47,19,0,0.3803358723991616,20.448916210827665
61240,20172,52,24,16,1,0.32938717525840533,34.87186688656292
103807,36935,19,20,2,0,0.3558010943279901,12.239779207768187
53434,26589,74,18,4,1,0.497595209132591,37.177954524188266
89724,30015,15,53,18,0,0.3345221510169964,9.982167734745053
95697,29009,94,42,11,1,0.3031306819369266,65.5057158979289
48732,17773,69,54,6,1,0.36470153694621715,43.835593950711015
31314,41125,55,18,8,0,1.3132684017244132,-17.229762094842723
43954,26143,82,32,5,1,0.5947673757251735,33.229075190535774
77108,6154,57,54,16,1,0.07980910140191158,52.45088122009104
107044,21804,3,30,15,0,0.203690036900369,2.388929889298893
107505,41688,3,57,2,0,0.38777370565363795,1.8366788830390863
56668,20581,19,25,3,0,0.36317916321092664,12.099595898992392
43061,30087,9,22,9,0,0.6986902605545493,2.711787655009056
99252,49930,23,26,4,0,0.5030578420803401,11.429669632152178
59749,32981,98,18,9,1,0.5519832635983264,43.90564016736401
36907,3762,25,53,11,0,0.10192912105776525,22.451771973555868
38777,46167,36,52,9,0,1.1905461859817423,-6.859662695342724
113229,9768,84,19,12,1,0.08626689040007066,76.75358120639407
71745,43408,53,57,10,0,0.6050232765589719,20.933766342374486
111865,39499,20,40,15,0,0.3530920923247457,12.938158153505086
101818,38559,73,26,7,1,0.37870142114929434,45.354796256101515
43624,48590,37,51,7,0,1.113810888252149,-4.21100286532951
43321,8783,45,63,7,0,0.20273763907483497,35.87680624163242
30488,46389,3,31,12,0,1.521499557217357,-1.5644986716520712
42574,29781,59,21,1,0,0.6994950088079859,17.729794480328835
25240,30811,56,47,11,0,1.2206727150271384,-12.357672041519749
63221,48787,44,48,9,0,0.7716775805890355,10.04618645408244
30478,35488,19,55,11,0,1.1643426621608322,-3.1225105810558107
75645,8905,16,28,10,0,0.1177193770985908,14.116489966422547
39262,9127,70,52,14,1,0.23245803937549347,53.72793724371546
72796,22431,3,25,15,0,0.3081308295671525,2.0756075112985424
24432,49153,92,20,16,0,2.011746408545819,-93.08066958621535
115257,6368,13,31,1,1,0.055249960957156986,12.281750507556959
84291,27424,2,30,17,0,0.32534522849143455,1.349309543017131
99104,46824,87,62,11,1,0.47246859391554413,45.89523232934766
79399,45004,79,49,18,1,0.5668010075566751,34.22272040302267
99714,18333,57,51,17,1,0.18385398385398385,46.52032292032292
70428,23116,54,62,16,1,0.328217069673004,36.276278237657785
107731,47219,3,36,5,0,0.4383005977796755,1.6850982066609737
20302,43201,23,55,14,0,2.127813623602423,-25.939713342855732
102558,15525,33,33,2,1,0.15137628096997827,28.00458272799072
20055,23398,29,19,5,0,1.166633426406063,-4.8323693657758255
28717,32857,81,57,2,0,1.1441256354899367,-11.674176474684876
48699,10361,18,34,0,0,0.21275154004106775,14.17047227926078
93686,16369,30,51,12,1,0.17472007855945862,24.75839764321624
87661,3041,59,59,13,1,0.03469005954689603,56.953286486733134
64247,105,59,33,12,1,0.001634292118042585,58.90357676503549
36748,9078,18,55,3,0,0.2470271299899317,13.553511660181229
24621,25003,48,19,6,0,1.0154739663715378,-0.742750385833812
35034,6090,62,19,9,1,0.17382617382617382,51.222777222777225
25126,38850,82,43,6,0,1.5461455804513073,-44.7839375970072
25122,49786,21,30,14,0,1.9816900847828682,-20.615491780440234
38030,1925,23,64,14,0,0.05061660224553654,21.835818148352658
102838,18440,75,48,3,1,0.17930940596466322,61.551794552650264
104717,39685,29,51,5,1,0.37897018659638265,18.009864588704904
75658,26015,57,56,19,1,0.3438454116496385,37.400811535970604
58638,33320,30,20,4,0,0.5682225140265011,12.953324579204965
87067,25291,99,25,19,1,0.29047411218817476,70.2430628933707
108869,36679,63,40,11,1,0.3369064021309819,41.774896665748145
54674,26289,18,31,0,0,0.4808230452674897,9.345185185185183
55854,3389,47,44,7,1,0.060674961955062216,44.14827678811208
66271,25683,44,46,0,0,0.3875392322549493,26.94827378078223
93688,13629,99,56,4,1,0.14547065290482342,84.59840536242248
58518,24826,93,56,5,1,0.42423828158375915,53.545839812710405
30267,35198,54,18,2,0,1.1628782873001189,-8.79542751420642
110825,26630,54,34,14,1,0.24028657535235415,41.02452493097287
21062,33226,96,58,4,1,1.5774581018848217,-55.435977780942885
70448,46163,17,47,13,0,0.6552683501540121,5.860438047381795
115462,32975,62,30,17,1,0.28558932298658446,44.293461974831764
26229,899,91,38,15,1,0.03427373236751811,87.88109035455585
76793,11653,46,36,5,1,0.15174362580409928,39.01979321301143
67915,27961,74,36,13,1,0.4116997467459803,43.534218740797456
24632,16405,56,42,7,0,0.665976535541753,18.705314009661834
23596,8601,44,39,6,0,0.36449548671441284,27.962198584565837
26168,33662,32,48,7,0,1.2863311551836143,-9.162596965875657
27561,33282,16,34,12,0,1.2075321094260214,-3.3205137508163425
93794,21288,69,40,5,1,0.2269630577322885,53.33954901647209
102152,29545,3,49,17,0,0.28922302820279383,2.132330915391618
46734,36877,19,27,1,0,0.7890660104846475,4.007745800791697
26371,46026,46,27,7,0,1.7452601243743364,-34.28196572121948
46069,15313,90,53,10,1,0.3323855003255915,60.08530497069676
99905,15349,14,25,0,1,0.1536344163513703,11.849118171080816
32910,7179,69,69,5,1,0.21813375467169033,53.948770927653364
93479,10326,46,37,15,1,0.11046213093709885,40.91874197689345
97735,44555,77,49,19,1,0.4558709175738725,41.897939346811825
101264,1560,74,67,11,1,0.015405125166641978,72.86002073766849
43275,13612,8,31,10,0,0.31453923652832977,5.483686107773362
92274,17650,89,67,9,1,0.19127607694391763,71.97642915199133
101449,26745,15,45,2,0,0.26362740266140955,11.045588960078856
80004,31890,68,63,12,1,0.3986000874945316,40.895194050371856
82981,20022,60,69,2,1,0.24128124171507073,45.523125497095755
104659,4780,9,41,14,1,0.04567169883432066,8.588954710491114
74553,18311,49,32,15,1,0.24560721088070392,36.96524666684551
